steroid,subject,matrix,condition,concentration
ae,juv_1,ah,con,NA
ae,juv_3,ah,con,NA
ae,juv_7,ah,con,NA
ae,juv_9,ah,con,NA
ae,juv_12,ah,con,NA
ae,sg_88,ah,con,NA
ae,sg_90,ah,con,NA
ae,sg_93,ah,con,NA
ae,sg_94,ah,con,NA
ae,sg_12,ah,con,NA
ae,sg_18,ah,con,NA
ae,juv_4,ah,sti,NA
ae,juv_5,ah,sti,NA
ae,juv_6,ah,sti,NA
ae,cj_124,ah,sti,NA
ae,juv_10,ah,sti,NA
ae,juv_11,ah,sti,NA
ae,juv_14,ah,sti,NA
ae,sg_20,ah,sti,NA
ae,sg_21,ah,sti,NA
ae,sg_22,ah,sti,NA
ae,sg_31,ah,sti,NA
ae,sg_36,ah,sti,NA
ae,sg_48,ah,sti,NA
ae,juv_15,ah,sti,NA
ae,sg_14,ah,sti,NA
b,juv_1,ah,con,0.768
b,juv_3,ah,con,0.339
b,juv_7,ah,con,1.347
b,juv_9,ah,con,1.832
b,juv_12,ah,con,0.859
b,sg_88,ah,con,0.322
b,sg_90,ah,con,0.26
b,sg_93,ah,con,0.456
b,sg_94,ah,con,0.127
b,sg_12,ah,con,0.853
b,sg_18,ah,con,0.718
b,juv_4,ah,sti,2.907
b,juv_5,ah,sti,1.75
b,juv_6,ah,sti,1.171
b,cj_124,ah,sti,1.549
b,juv_10,ah,sti,0.847
b,juv_11,ah,sti,1.71
b,juv_14,ah,sti,1.634
b,sg_20,ah,sti,1.803
b,sg_21,ah,sti,2.803
b,sg_22,ah,sti,2.618
b,sg_31,ah,sti,2.395
b,sg_36,ah,sti,4.621
b,sg_48,ah,sti,2.891
b,juv_15,ah,sti,3.027
b,sg_14,ah,sti,1.497
dhc,juv_1,ah,con,0.101
dhc,juv_3,ah,con,0.0367381269719059
dhc,juv_7,ah,con,0.057
dhc,juv_9,ah,con,0.054
dhc,juv_12,ah,con,0.0496065070697125
dhc,sg_88,ah,con,0.0400517697826714
dhc,sg_90,ah,con,0.0406830827859482
dhc,sg_93,ah,con,0.031252863145259
dhc,sg_94,ah,con,0.0279780132249705
dhc,sg_12,ah,con,0.051
dhc,sg_18,ah,con,0.0517104956244994
dhc,juv_4,ah,sti,0.096938776
dhc,juv_5,ah,sti,0.047959184
dhc,juv_6,ah,sti,0.044897959
dhc,cj_124,ah,sti,0.0189937385961463
dhc,juv_10,ah,sti,0.045918367
dhc,juv_11,ah,sti,0.080612245
dhc,juv_14,ah,sti,0.0455438944389918
dhc,sg_20,ah,sti,0.0264545906838753
dhc,sg_21,ah,sti,0.0418465752838562
dhc,sg_22,ah,sti,0.047959184
dhc,sg_31,ah,sti,0.055102041
dhc,sg_36,ah,sti,0.05
dhc,sg_48,ah,sti,0.0452650799674022
dhc,juv_15,ah,sti,0.075510204
dhc,sg_14,ah,sti,0.0456051876493151
p4,juv_1,ah,con,NA
p4,juv_3,ah,con,NA
p4,juv_7,ah,con,NA
p4,juv_9,ah,con,NA
p4,juv_12,ah,con,NA
p4,sg_88,ah,con,NA
p4,sg_90,ah,con,NA
p4,sg_93,ah,con,NA
p4,sg_94,ah,con,NA
p4,sg_12,ah,con,NA
p4,sg_18,ah,con,NA
p4,juv_4,ah,sti,0.077
p4,juv_5,ah,sti,0.0621780360104553
p4,juv_6,ah,sti,0.0544824351566016
p4,cj_124,ah,sti,0.045973080046048
p4,juv_10,ah,sti,0.0371378489838944
p4,juv_11,ah,sti,0.0632689148982926
p4,juv_14,ah,sti,0.0240469333500892
p4,sg_20,ah,sti,0.058
p4,sg_21,ah,sti,0.073
p4,sg_22,ah,sti,0.0507309923729851
p4,sg_31,ah,sti,0.138
p4,sg_36,ah,sti,0.0543562278215476
p4,sg_48,ah,sti,0.0326339855636295
p4,juv_15,ah,sti,0.117
p4,sg_14,ah,sti,0.0401833430063792
t,juv_1,ah,con,NA
t,juv_3,ah,con,NA
t,juv_7,ah,con,NA
t,juv_9,ah,con,NA
t,juv_12,ah,con,NA
t,sg_88,ah,con,NA
t,sg_90,ah,con,NA
t,sg_93,ah,con,NA
t,sg_94,ah,con,NA
t,sg_12,ah,con,NA
t,sg_18,ah,con,NA
t,juv_4,ah,sti,0.029557158032571
t,juv_5,ah,sti,0.0297092911121473
t,juv_6,ah,sti,0.0300092907601363
t,cj_124,ah,sti,0.0303642438329032
t,juv_10,ah,sti,0.0302609019250684
t,juv_11,ah,sti,0.0298315845376998
t,juv_14,ah,sti,0.03
t,sg_20,ah,sti,0.0302448568475855
t,sg_21,ah,sti,0.0303461466448864
t,sg_22,ah,sti,0.032
t,sg_31,ah,sti,0.030370591187743
t,sg_36,ah,sti,0.0287383856629915
t,sg_48,ah,sti,0.024456895262935
t,juv_15,ah,sti,0.0302822579304465
t,sg_14,ah,sti,0.041
ae,juv_1,bnst,con,NA
ae,juv_3,bnst,con,NA
ae,juv_7,bnst,con,NA
ae,juv_9,bnst,con,NA
ae,juv_12,bnst,con,NA
ae,sg_88,bnst,con,NA
ae,sg_90,bnst,con,NA
ae,sg_93,bnst,con,NA
ae,sg_94,bnst,con,NA
ae,sg_12,bnst,con,NA
ae,sg_18,bnst,con,NA
ae,juv_4,bnst,sti,NA
ae,juv_5,bnst,sti,NA
ae,juv_6,bnst,sti,NA
ae,cj_124,bnst,sti,NA
ae,juv_10,bnst,sti,NA
ae,juv_11,bnst,sti,NA
ae,juv_14,bnst,sti,NA
ae,sg_20,bnst,sti,NA
ae,sg_21,bnst,sti,NA
ae,sg_22,bnst,sti,NA
ae,sg_31,bnst,sti,NA
ae,sg_36,bnst,sti,NA
ae,sg_48,bnst,sti,NA
ae,juv_15,bnst,sti,NA
ae,sg_14,bnst,sti,NA
b,juv_1,bnst,con,0.95
b,juv_3,bnst,con,0.415
b,juv_7,bnst,con,1.134
b,juv_9,bnst,con,1.434
b,juv_12,bnst,con,0.679
b,sg_88,bnst,con,0.364
b,sg_90,bnst,con,0.441
b,sg_93,bnst,con,0.586
b,sg_94,bnst,con,0.164
b,sg_12,bnst,con,0.726
b,sg_18,bnst,con,0.665
b,juv_4,bnst,sti,2.372
b,juv_5,bnst,sti,1.598
b,juv_6,bnst,sti,1.424
b,cj_124,bnst,sti,1.13
b,juv_10,bnst,sti,0.746
b,juv_11,bnst,sti,1.379
b,juv_14,bnst,sti,1.046
b,sg_20,bnst,sti,0.86
b,sg_21,bnst,sti,0.716
b,sg_22,bnst,sti,2.06
b,sg_31,bnst,sti,1.651
b,sg_36,bnst,sti,2.413
b,sg_48,bnst,sti,2.121
b,juv_15,bnst,sti,2.083
b,sg_14,bnst,sti,1.243
dhc,juv_1,bnst,con,0.067346939
dhc,juv_3,bnst,con,0.037755102
dhc,juv_7,bnst,con,0.051020408
dhc,juv_9,bnst,con,0.038565858714397
dhc,juv_12,bnst,con,0.0378741366307462
dhc,sg_88,bnst,con,0.0360091035264084
dhc,sg_90,bnst,con,0.0380679214115455
dhc,sg_93,bnst,con,0.0334816617209936
dhc,sg_94,bnst,con,0.0343963499978447
dhc,sg_12,bnst,con,0.0342548502690896
dhc,sg_18,bnst,con,0.040816327
dhc,juv_4,bnst,sti,0.103061224
dhc,juv_5,bnst,sti,0.093877551
dhc,juv_6,bnst,sti,0.055102041
dhc,cj_124,bnst,sti,0.055398911304637
dhc,juv_10,bnst,sti,0.060204082
dhc,juv_11,bnst,sti,0.0525774493963614
dhc,juv_14,bnst,sti,0.078571429
dhc,sg_20,bnst,sti,0.0339058840530532
dhc,sg_21,bnst,sti,0.0538763757399455
dhc,sg_22,bnst,sti,0.0528003372353527
dhc,sg_31,bnst,sti,0.057142857
dhc,sg_36,bnst,sti,0.056122449
dhc,sg_48,bnst,sti,0.068367347
dhc,juv_15,bnst,sti,0.0545355148982525
dhc,sg_14,bnst,sti,0.069387755
p4,juv_1,bnst,con,NA
p4,juv_3,bnst,con,NA
p4,juv_7,bnst,con,NA
p4,juv_9,bnst,con,NA
p4,juv_12,bnst,con,NA
p4,sg_88,bnst,con,NA
p4,sg_90,bnst,con,NA
p4,sg_93,bnst,con,NA
p4,sg_94,bnst,con,NA
p4,sg_12,bnst,con,NA
p4,sg_18,bnst,con,NA
p4,juv_4,bnst,sti,NA
p4,juv_5,bnst,sti,NA
p4,juv_6,bnst,sti,NA
p4,cj_124,bnst,sti,NA
p4,juv_10,bnst,sti,NA
p4,juv_11,bnst,sti,NA
p4,juv_14,bnst,sti,NA
p4,sg_20,bnst,sti,NA
p4,sg_21,bnst,sti,NA
p4,sg_22,bnst,sti,NA
p4,sg_31,bnst,sti,NA
p4,sg_36,bnst,sti,NA
p4,sg_48,bnst,sti,NA
p4,juv_15,bnst,sti,NA
p4,sg_14,bnst,sti,NA
t,juv_1,bnst,con,0.094
t,juv_3,bnst,con,0.478
t,juv_7,bnst,con,0.0751620319633364
t,juv_9,bnst,con,0.255
t,juv_12,bnst,con,0.114022651629464
t,sg_88,bnst,con,0.114346281963979
t,sg_90,bnst,con,0.033372761698331
t,sg_93,bnst,con,0.114211456600527
t,sg_94,bnst,con,0.108097830623026
t,sg_12,bnst,con,0.111473750237587
t,sg_18,bnst,con,0.112042113451785
t,juv_4,bnst,sti,NA
t,juv_5,bnst,sti,NA
t,juv_6,bnst,sti,NA
t,cj_124,bnst,sti,NA
t,juv_10,bnst,sti,NA
t,juv_11,bnst,sti,NA
t,juv_14,bnst,sti,NA
t,sg_20,bnst,sti,NA
t,sg_21,bnst,sti,NA
t,sg_22,bnst,sti,NA
t,sg_31,bnst,sti,NA
t,sg_36,bnst,sti,NA
t,sg_48,bnst,sti,NA
t,juv_15,bnst,sti,NA
t,sg_14,bnst,sti,NA
ae,juv_1,cb,con,NA
ae,juv_3,cb,con,NA
ae,juv_7,cb,con,NA
ae,juv_9,cb,con,NA
ae,juv_12,cb,con,NA
ae,sg_88,cb,con,NA
ae,sg_90,cb,con,NA
ae,sg_93,cb,con,NA
ae,sg_94,cb,con,NA
ae,sg_12,cb,con,NA
ae,sg_18,cb,con,NA
ae,juv_4,cb,sti,NA
ae,juv_5,cb,sti,NA
ae,juv_6,cb,sti,NA
ae,juv_10,cb,sti,NA
ae,juv_11,cb,sti,NA
ae,juv_14,cb,sti,NA
ae,sg_20,cb,sti,NA
ae,sg_21,cb,sti,NA
ae,sg_22,cb,sti,NA
ae,sg_31,cb,sti,NA
ae,sg_36,cb,sti,NA
ae,sg_48,cb,sti,NA
ae,juv_15,cb,sti,NA
ae,sg_14,cb,sti,NA
b,juv_1,cb,con,1.327
b,juv_3,cb,con,0.725
b,juv_7,cb,con,2.165
b,juv_9,cb,con,1.097
b,juv_12,cb,con,1.647
b,sg_88,cb,con,1.299
b,sg_90,cb,con,0.463
b,sg_93,cb,con,0.641
b,sg_94,cb,con,0.614214567451307
b,sg_12,cb,con,2.065
b,sg_18,cb,con,1.355
b,juv_4,cb,sti,3.908
b,juv_5,cb,sti,1.716
b,juv_6,cb,sti,4.461
b,juv_10,cb,sti,1.414
b,juv_11,cb,sti,1.999
b,juv_14,cb,sti,4.548
b,sg_20,cb,sti,3.909
b,sg_21,cb,sti,6.556
b,sg_22,cb,sti,5.179
b,sg_31,cb,sti,5.424
b,sg_36,cb,sti,6.601
b,sg_48,cb,sti,6.789
b,juv_15,cb,sti,3.895
b,sg_14,cb,sti,3.045
dhc,juv_1,cb,con,NA
dhc,juv_3,cb,con,NA
dhc,juv_7,cb,con,NA
dhc,juv_9,cb,con,NA
dhc,juv_12,cb,con,NA
dhc,sg_88,cb,con,NA
dhc,sg_90,cb,con,NA
dhc,sg_93,cb,con,NA
dhc,sg_94,cb,con,NA
dhc,sg_12,cb,con,NA
dhc,sg_18,cb,con,NA
dhc,juv_4,cb,sti,0.072789116
dhc,juv_5,cb,sti,0.0238955381153447
dhc,juv_6,cb,sti,0.050340136
dhc,juv_10,cb,sti,0.023129252
dhc,juv_11,cb,sti,0.0241326781664087
dhc,juv_14,cb,sti,0.00646537614507053
dhc,sg_20,cb,sti,0.0107553083619812
dhc,sg_21,cb,sti,0.02585034
dhc,sg_22,cb,sti,0.032653061
dhc,sg_31,cb,sti,0.025170068
dhc,sg_36,cb,sti,0.027891156
dhc,sg_48,cb,sti,0.0204292821036525
dhc,juv_15,cb,sti,0.0154570345041476
dhc,sg_14,cb,sti,0.0132704239946789
p4,juv_1,cb,con,NA
p4,juv_3,cb,con,NA
p4,juv_7,cb,con,NA
p4,juv_9,cb,con,NA
p4,juv_12,cb,con,NA
p4,sg_88,cb,con,NA
p4,sg_90,cb,con,NA
p4,sg_93,cb,con,NA
p4,sg_94,cb,con,NA
p4,sg_12,cb,con,NA
p4,sg_18,cb,con,NA
p4,juv_4,cb,sti,NA
p4,juv_5,cb,sti,NA
p4,juv_6,cb,sti,NA
p4,cj_124,cb,sti,NA
p4,juv_10,cb,sti,NA
p4,juv_11,cb,sti,NA
p4,juv_14,cb,sti,NA
p4,sg_20,cb,sti,NA
p4,sg_21,cb,sti,NA
p4,sg_22,cb,sti,NA
p4,sg_31,cb,sti,NA
p4,sg_36,cb,sti,NA
p4,sg_48,cb,sti,NA
p4,juv_15,cb,sti,NA
p4,sg_14,cb,sti,NA
t,juv_1,cb,con,NA
t,juv_3,cb,con,NA
t,juv_7,cb,con,NA
t,juv_9,cb,con,NA
t,juv_12,cb,con,NA
t,sg_88,cb,con,NA
t,sg_90,cb,con,NA
t,sg_93,cb,con,NA
t,sg_94,cb,con,NA
t,sg_12,cb,con,NA
t,sg_18,cb,con,NA
t,juv_4,cb,sti,0.00478553664309628
t,juv_5,cb,sti,0.0164490661636375
t,juv_6,cb,sti,0.0191743077044112
t,juv_10,cb,sti,0.0187662766562924
t,juv_11,cb,sti,0.0157579481755906
t,juv_14,cb,sti,0.044
t,sg_20,cb,sti,0.026
t,sg_21,cb,sti,0.182
t,sg_22,cb,sti,0.016
t,sg_31,cb,sti,0.00300968685326889
t,sg_36,cb,sti,0.0141405367255358
t,sg_48,cb,sti,0.034
t,juv_15,cb,sti,0.0177592250307535
t,sg_14,cb,sti,0.0184938348892345
ae,juv_1,cg,con,NA
ae,juv_3,cg,con,NA
ae,juv_7,cg,con,NA
ae,juv_9,cg,con,NA
ae,juv_12,cg,con,NA
ae,sg_88,cg,con,NA
ae,sg_90,cg,con,NA
ae,sg_93,cg,con,NA
ae,sg_94,cg,con,NA
ae,sg_12,cg,con,NA
ae,sg_18,cg,con,NA
ae,juv_4,cg,sti,NA
ae,juv_5,cg,sti,NA
ae,juv_6,cg,sti,NA
ae,juv_10,cg,sti,NA
ae,juv_11,cg,sti,NA
ae,juv_14,cg,sti,NA
ae,sg_20,cg,sti,NA
ae,sg_21,cg,sti,NA
ae,sg_22,cg,sti,NA
ae,sg_31,cg,sti,NA
ae,sg_36,cg,sti,NA
ae,sg_48,cg,sti,NA
ae,juv_15,cg,sti,NA
ae,sg_14,cg,sti,NA
b,juv_1,cg,con,1.463
b,juv_3,cg,con,0.253
b,juv_7,cg,con,1.808
b,juv_9,cg,con,2.185
b,juv_12,cg,con,0.801
b,sg_88,cg,con,0.427
b,sg_90,cg,con,0.41
b,sg_93,cg,con,0.577
b,sg_94,cg,con,0.178098822024021
b,sg_12,cg,con,1.215
b,sg_18,cg,con,0.95
b,juv_4,cg,sti,3.311
b,juv_5,cg,sti,2.549
b,juv_6,cg,sti,1.591
b,juv_10,cg,sti,1.066
b,juv_11,cg,sti,2.993
b,juv_14,cg,sti,1.423
b,sg_20,cg,sti,2.084
b,sg_21,cg,sti,2.979
b,sg_22,cg,sti,4.569
b,sg_31,cg,sti,2.77
b,sg_36,cg,sti,4.085
b,sg_48,cg,sti,3.118
b,juv_15,cg,sti,3.245
b,sg_14,cg,sti,1.848
dhc,juv_1,cg,con,0.176530612
dhc,juv_3,cg,con,0.0490110052060526
dhc,juv_7,cg,con,0.129591837
dhc,juv_9,cg,con,0.054081633
dhc,juv_12,cg,con,0.074489796
dhc,sg_88,cg,con,0.043877551
dhc,sg_90,cg,con,0.064285714
dhc,sg_93,cg,con,0.055102041
dhc,sg_94,cg,con,0.0432405408455889
dhc,sg_12,cg,con,0.051020408
dhc,sg_18,cg,con,0.065306122
dhc,juv_4,cg,sti,0.184693878
dhc,juv_5,cg,sti,0.092857143
dhc,juv_6,cg,sti,0.092857143
dhc,cj_124,cg,sti,0.00539507056580524
dhc,juv_10,cg,sti,0.132653061
dhc,juv_11,cg,sti,0.124489796
dhc,juv_14,cg,sti,0.081632653
dhc,sg_20,cg,sti,0.097959184
dhc,sg_21,cg,sti,0.063265306
dhc,sg_22,cg,sti,0.216326531
dhc,sg_31,cg,sti,0.116326531
dhc,sg_36,cg,sti,0.162244898
dhc,sg_48,cg,sti,0.054081633
dhc,juv_15,cg,sti,0.105102041
dhc,sg_14,cg,sti,0.1
p4,juv_1,cg,con,NA
p4,juv_3,cg,con,NA
p4,juv_7,cg,con,NA
p4,juv_9,cg,con,NA
p4,juv_12,cg,con,NA
p4,sg_88,cg,con,NA
p4,sg_90,cg,con,NA
p4,sg_93,cg,con,NA
p4,sg_94,cg,con,NA
p4,sg_12,cg,con,NA
p4,sg_18,cg,con,NA
p4,juv_4,cg,sti,0.098
p4,juv_5,cg,sti,0.106
p4,juv_6,cg,sti,0.0701972349307029
p4,cj_124,cg,sti,0.0659411106349603
p4,juv_10,cg,sti,0.0639424512251888
p4,juv_11,cg,sti,0.289
p4,juv_14,cg,sti,0.0702414167980821
p4,sg_20,cg,sti,0.0447887603640264
p4,sg_21,cg,sti,0.077
p4,sg_22,cg,sti,0.117
p4,sg_31,cg,sti,0.135
p4,sg_36,cg,sti,0.077
p4,sg_48,cg,sti,0.0378606232344918
p4,juv_15,cg,sti,0.119
p4,sg_14,cg,sti,0.056
t,juv_1,cg,con,0.0277743060616057
t,juv_3,cg,con,0.626
t,juv_7,cg,con,0.0114388552957136
t,juv_9,cg,con,0.049257262067615
t,juv_12,cg,con,0.0371194568021625
t,sg_88,cg,con,0.0354791675115298
t,sg_90,cg,con,0.0453630062217801
t,sg_93,cg,con,0.0199375139345303
t,sg_94,cg,con,0.0398990406074522
t,sg_12,cg,con,0.039
t,sg_18,cg,con,0.127
t,juv_4,cg,sti,0.0234475359619029
t,juv_5,cg,sti,0.0202165819506974
t,juv_6,cg,sti,0.0206029225906819
t,juv_10,cg,sti,0.0210462206686966
t,juv_11,cg,sti,0.044
t,juv_14,cg,sti,0.0233132345961568
t,sg_20,cg,sti,0.0136289001966535
t,sg_21,cg,sti,0.0230293652280029
t,sg_22,cg,sti,0.022
t,sg_31,cg,sti,0.0114845887264357
t,sg_36,cg,sti,0.0180226501192182
t,sg_48,cg,sti,0.031
t,juv_15,cg,sti,0.0197373441496061
t,sg_14,cg,sti,0.00870305750196798
ae,juv_1,ls,con,NA
ae,juv_3,ls,con,NA
ae,juv_7,ls,con,NA
ae,juv_9,ls,con,NA
ae,juv_12,ls,con,NA
ae,sg_88,ls,con,NA
ae,sg_90,ls,con,NA
ae,sg_93,ls,con,NA
ae,sg_94,ls,con,NA
ae,sg_12,ls,con,NA
ae,sg_18,ls,con,NA
ae,juv_4,ls,sti,NA
ae,juv_5,ls,sti,NA
ae,juv_6,ls,sti,NA
ae,cj_124,ls,sti,NA
ae,juv_10,ls,sti,NA
ae,juv_11,ls,sti,NA
ae,juv_14,ls,sti,NA
ae,sg_20,ls,sti,NA
ae,sg_21,ls,sti,NA
ae,sg_22,ls,sti,NA
ae,sg_31,ls,sti,NA
ae,sg_36,ls,sti,NA
ae,sg_48,ls,sti,NA
ae,juv_15,ls,sti,NA
ae,sg_14,ls,sti,NA
b,juv_1,ls,con,1.261
b,juv_3,ls,con,0.962
b,juv_7,ls,con,1.572
b,juv_9,ls,con,2.773
b,juv_12,ls,con,1.474
b,sg_88,ls,con,0.861
b,sg_90,ls,con,0.911
b,sg_93,ls,con,0.82
b,sg_94,ls,con,0.277
b,sg_12,ls,con,1.205
b,sg_18,ls,con,1.442
b,juv_4,ls,sti,3.146
b,juv_5,ls,sti,1.923
b,juv_6,ls,sti,2.728
b,cj_124,ls,sti,2.669
b,juv_10,ls,sti,1.265
b,juv_11,ls,sti,2.108
b,juv_14,ls,sti,1.802
b,sg_20,ls,sti,1.959
b,sg_21,ls,sti,2.268
b,sg_22,ls,sti,2.766
b,sg_31,ls,sti,2.94
b,sg_36,ls,sti,4.285
b,sg_48,ls,sti,3.407
b,juv_15,ls,sti,3.813
b,sg_14,ls,sti,1.565
dhc,juv_1,ls,con,0.093877551
dhc,juv_3,ls,con,0.039795918
dhc,juv_7,ls,con,0.078571429
dhc,juv_9,ls,con,0.07244898
dhc,juv_12,ls,con,0.05
dhc,sg_88,ls,con,0.047959184
dhc,sg_90,ls,con,0.0368242676012643
dhc,sg_93,ls,con,0.033673469
dhc,sg_94,ls,con,0.0268432717334527
dhc,sg_12,ls,con,0.0366040230084623
dhc,sg_18,ls,con,0.0367464799762241
dhc,juv_4,ls,sti,0.136734694
dhc,juv_5,ls,sti,0.055102041
dhc,juv_6,ls,sti,0.112244898
dhc,cj_124,ls,sti,0.0319342988547494
dhc,juv_10,ls,sti,0.052040816
dhc,juv_11,ls,sti,0.0371329951126392
dhc,juv_14,ls,sti,0.055102041
dhc,sg_20,ls,sti,0.042857143
dhc,sg_21,ls,sti,0.04242971727836
dhc,sg_22,ls,sti,0.0250980377386459
dhc,sg_31,ls,sti,0.101020408
dhc,sg_36,ls,sti,0.115306122
dhc,sg_48,ls,sti,0.0481957497921261
dhc,juv_15,ls,sti,0.113265306
dhc,sg_14,ls,sti,0.05
p4,juv_1,ls,con,NA
p4,juv_3,ls,con,NA
p4,juv_7,ls,con,NA
p4,juv_9,ls,con,NA
p4,juv_12,ls,con,NA
p4,sg_88,ls,con,NA
p4,sg_90,ls,con,NA
p4,sg_93,ls,con,NA
p4,sg_94,ls,con,NA
p4,sg_12,ls,con,NA
p4,sg_18,ls,con,NA
p4,juv_4,ls,sti,0.0642087574309204
p4,juv_5,ls,sti,0.0487526519688573
p4,juv_6,ls,sti,0.0360628970291768
p4,cj_124,ls,sti,0.0584565441012975
p4,juv_10,ls,sti,0.0727236012526138
p4,juv_11,ls,sti,0.0277652128697833
p4,juv_14,ls,sti,0.0739208441618687
p4,sg_20,ls,sti,0.192
p4,sg_21,ls,sti,0.073
p4,sg_22,ls,sti,0.0325374178176614
p4,sg_31,ls,sti,0.148
p4,sg_36,ls,sti,0.077
p4,sg_48,ls,sti,0.0653145875901261
p4,juv_15,ls,sti,0.0723844154672274
p4,sg_14,ls,sti,0.0496801976025095
t,juv_1,ls,con,0.029215110962851
t,juv_3,ls,con,0.0283274283124574
t,juv_7,ls,con,0.0278106016596476
t,juv_9,ls,con,0.0265902557677907
t,juv_12,ls,con,0.029
t,sg_88,ls,con,0.0291026662967597
t,sg_90,ls,con,0.034
t,sg_93,ls,con,0.0287081847052018
t,sg_94,ls,con,0.0291655623566871
t,sg_12,ls,con,0.0288790642413037
t,sg_18,ls,con,0.0294621295009202
t,juv_4,ls,sti,0.0482407587885584
t,juv_5,ls,sti,0.0523776952474314
t,juv_6,ls,sti,0.0339167734222527
t,cj_124,ls,sti,0.0427166897418124
t,juv_10,ls,sti,0.0480727893342068
t,juv_11,ls,sti,0.000367395990054907
t,juv_14,ls,sti,0.00201406062211362
t,sg_20,ls,sti,0.969
t,sg_21,ls,sti,0.0130396075743855
t,sg_22,ls,sti,0.0471903583646348
t,sg_31,ls,sti,3.138
t,sg_36,ls,sti,0.609
t,sg_48,ls,sti,0.02
t,juv_15,ls,sti,0.0529244048789547
t,sg_14,ls,sti,0.0434931255610589
ae,juv_1,nac,con,NA
ae,juv_3,nac,con,NA
ae,juv_7,nac,con,NA
ae,juv_9,nac,con,NA
ae,juv_12,nac,con,NA
ae,sg_88,nac,con,NA
ae,sg_90,nac,con,NA
ae,sg_93,nac,con,NA
ae,sg_94,nac,con,NA
ae,sg_12,nac,con,NA
ae,sg_18,nac,con,NA
ae,juv_4,nac,sti,0.878566752210656
ae,juv_5,nac,sti,0.895223135501674
ae,juv_6,nac,sti,0.888367246150082
ae,cj_124,nac,sti,0.91
ae,juv_10,nac,sti,0.859703142690323
ae,juv_11,nac,sti,1.106
ae,juv_14,nac,sti,0.86312467964242
ae,sg_20,nac,sti,0.884488191434102
ae,sg_21,nac,sti,0.863285063351896
ae,sg_22,nac,sti,0.863014835488206
ae,sg_31,nac,sti,0.746882934298816
ae,sg_36,nac,sti,0.691091585277869
ae,sg_48,nac,sti,1.163
ae,juv_15,nac,sti,0.888325919553159
ae,sg_14,nac,sti,0.860217021517824
b,juv_1,nac,con,1.057
b,juv_3,nac,con,0.465
b,juv_7,nac,con,0.947
b,juv_9,nac,con,1.102
b,juv_12,nac,con,0.457
b,sg_88,nac,con,0.453
b,sg_90,nac,con,0.718
b,sg_93,nac,con,0.722
b,sg_94,nac,con,0.413642896977867
b,sg_12,nac,con,0.673
b,sg_18,nac,con,0.882
b,juv_4,nac,sti,2.527
b,juv_5,nac,sti,1.433
b,juv_6,nac,sti,1.188
b,cj_124,nac,sti,1.89
b,juv_10,nac,sti,0.498
b,juv_11,nac,sti,1.894
b,juv_14,nac,sti,1.682
b,sg_20,nac,sti,1.498
b,sg_21,nac,sti,2.037
b,sg_22,nac,sti,2.082
b,sg_31,nac,sti,1.118
b,sg_36,nac,sti,3.355
b,sg_48,nac,sti,3.461
b,juv_15,nac,sti,1.894
b,sg_14,nac,sti,1.127
dhc,juv_1,nac,con,NA
dhc,juv_3,nac,con,NA
dhc,juv_7,nac,con,NA
dhc,juv_9,nac,con,NA
dhc,juv_12,nac,con,NA
dhc,sg_88,nac,con,NA
dhc,sg_90,nac,con,NA
dhc,sg_93,nac,con,NA
dhc,sg_94,nac,con,NA
dhc,sg_12,nac,con,NA
dhc,sg_18,nac,con,NA
dhc,juv_4,nac,sti,NA
dhc,juv_5,nac,sti,NA
dhc,juv_6,nac,sti,NA
dhc,cj_124,nac,sti,NA
dhc,juv_10,nac,sti,NA
dhc,juv_11,nac,sti,NA
dhc,juv_14,nac,sti,NA
dhc,sg_20,nac,sti,NA
dhc,sg_21,nac,sti,NA
dhc,sg_22,nac,sti,NA
dhc,sg_31,nac,sti,NA
dhc,sg_36,nac,sti,NA
dhc,sg_48,nac,sti,NA
dhc,juv_15,nac,sti,NA
dhc,sg_14,nac,sti,NA
p4,juv_1,nac,con,NA
p4,juv_3,nac,con,NA
p4,juv_7,nac,con,NA
p4,juv_9,nac,con,NA
p4,juv_12,nac,con,NA
p4,sg_88,nac,con,NA
p4,sg_90,nac,con,NA
p4,sg_93,nac,con,NA
p4,sg_94,nac,con,NA
p4,sg_12,nac,con,NA
p4,sg_18,nac,con,NA
p4,juv_4,nac,sti,NA
p4,juv_5,nac,sti,NA
p4,juv_6,nac,sti,NA
p4,cj_124,nac,sti,NA
p4,juv_10,nac,sti,NA
p4,juv_11,nac,sti,NA
p4,juv_14,nac,sti,NA
p4,sg_20,nac,sti,NA
p4,sg_21,nac,sti,NA
p4,sg_22,nac,sti,NA
p4,sg_31,nac,sti,NA
p4,sg_36,nac,sti,NA
p4,sg_48,nac,sti,NA
p4,juv_15,nac,sti,NA
p4,sg_14,nac,sti,NA
t,juv_1,nac,con,NA
t,juv_3,nac,con,NA
t,juv_7,nac,con,NA
t,juv_9,nac,con,NA
t,juv_12,nac,con,NA
t,sg_88,nac,con,NA
t,sg_90,nac,con,NA
t,sg_93,nac,con,NA
t,sg_94,nac,con,NA
t,sg_12,nac,con,NA
t,sg_18,nac,con,NA
t,juv_4,nac,sti,0.0967433508477144
t,juv_5,nac,sti,0.0915689513142383
t,juv_6,nac,sti,0.103262318441035
t,cj_124,nac,sti,0.0346842433489414
t,juv_10,nac,sti,0.0996453426832058
t,juv_11,nac,sti,0.086
t,juv_14,nac,sti,0.229
t,sg_20,nac,sti,0.0634793924681524
t,sg_21,nac,sti,0.102809017939206
t,sg_22,nac,sti,0.0693445709936686
t,sg_31,nac,sti,0.0579627326465823
t,sg_36,nac,sti,0.0907264949115556
t,sg_48,nac,sti,0.478
t,juv_15,nac,sti,0.102604732891603
t,sg_14,nac,sti,0.0307249974134718
ae,juv_1,ncm,con,NA
ae,juv_3,ncm,con,NA
ae,juv_7,ncm,con,NA
ae,juv_9,ncm,con,NA
ae,juv_12,ncm,con,NA
ae,sg_88,ncm,con,NA
ae,sg_90,ncm,con,NA
ae,sg_93,ncm,con,NA
ae,sg_94,ncm,con,NA
ae,sg_12,ncm,con,NA
ae,sg_18,ncm,con,NA
ae,juv_4,ncm,sti,NA
ae,juv_5,ncm,sti,NA
ae,juv_6,ncm,sti,NA
ae,juv_10,ncm,sti,NA
ae,juv_11,ncm,sti,NA
ae,juv_14,ncm,sti,NA
ae,sg_20,ncm,sti,NA
ae,sg_21,ncm,sti,NA
ae,sg_22,ncm,sti,NA
ae,sg_31,ncm,sti,NA
ae,sg_36,ncm,sti,NA
ae,sg_48,ncm,sti,NA
ae,juv_15,ncm,sti,NA
ae,sg_14,ncm,sti,NA
b,juv_1,ncm,con,1.61
b,juv_3,ncm,con,1.096
b,juv_7,ncm,con,2.551
b,juv_9,ncm,con,3.534
b,juv_12,ncm,con,1.681
b,sg_88,ncm,con,1.212
b,sg_90,ncm,con,1.101
b,sg_93,ncm,con,0.944
b,sg_94,ncm,con,0.367
b,sg_12,ncm,con,2.115
b,sg_18,ncm,con,2.684
b,juv_4,ncm,sti,3.822
b,juv_5,ncm,sti,2.988
b,juv_6,ncm,sti,3.341
b,cj_124,ncm,sti,0.875
b,juv_10,ncm,sti,1.613
b,juv_11,ncm,sti,3.657
b,juv_14,ncm,sti,3.351
b,sg_20,ncm,sti,3.37
b,sg_21,ncm,sti,5.604
b,sg_22,ncm,sti,3.409
b,sg_31,ncm,sti,6.429
b,sg_36,ncm,sti,5.609
b,sg_48,ncm,sti,5.505
b,juv_15,ncm,sti,5.085
b,sg_14,ncm,sti,2.684
dhc,juv_1,ncm,con,0.147619048
dhc,juv_3,ncm,con,0.060544218
dhc,juv_7,ncm,con,0.065306122
dhc,juv_9,ncm,con,0.132653061
dhc,juv_12,ncm,con,0.068027211
dhc,sg_88,ncm,con,0.071428571
dhc,sg_90,ncm,con,0.065986395
dhc,sg_93,ncm,con,0.023809524
dhc,sg_94,ncm,con,0.049659864
dhc,sg_12,ncm,con,0.070068027
dhc,sg_18,ncm,con,0.165986395
dhc,juv_4,ncm,sti,0.165306122
dhc,juv_5,ncm,sti,0.051020408
dhc,juv_6,ncm,sti,0.131972789
dhc,cj_124,ncm,sti,0.0207448472828782
dhc,juv_10,ncm,sti,0.099319728
dhc,juv_11,ncm,sti,0.072789116
dhc,juv_14,ncm,sti,0.054421769
dhc,sg_20,ncm,sti,0.080952381
dhc,sg_21,ncm,sti,0.045578231
dhc,sg_22,ncm,sti,0.053741497
dhc,sg_31,ncm,sti,0.102040816
dhc,sg_36,ncm,sti,0.089795918
dhc,sg_48,ncm,sti,0.074829932
dhc,juv_15,ncm,sti,0.088435374
dhc,sg_14,ncm,sti,0.039455782
p4,juv_1,ncm,con,NA
p4,juv_3,ncm,con,NA
p4,juv_7,ncm,con,NA
p4,juv_9,ncm,con,NA
p4,juv_12,ncm,con,NA
p4,sg_88,ncm,con,NA
p4,sg_90,ncm,con,NA
p4,sg_93,ncm,con,NA
p4,sg_94,ncm,con,NA
p4,sg_12,ncm,con,NA
p4,sg_18,ncm,con,NA
p4,juv_4,ncm,sti,0.035
p4,juv_5,ncm,sti,0.0236864824536241
p4,juv_6,ncm,sti,0.0264619967395796
p4,cj_124,ncm,sti,0.00986290376745323
p4,juv_10,ncm,sti,0.0150655256504244
p4,juv_11,ncm,sti,0.0113051018554555
p4,juv_14,ncm,sti,0.00718208681460547
p4,sg_20,ncm,sti,0.063
p4,sg_21,ncm,sti,0.069
p4,sg_22,ncm,sti,0.00842960100612286
p4,sg_31,ncm,sti,0.113
p4,sg_36,ncm,sti,0.0328532449528704
p4,sg_48,ncm,sti,0.0244270926509439
p4,juv_15,ncm,sti,0.0414354483898823
p4,sg_14,ncm,sti,0.0120306087788388
t,juv_1,ncm,con,0.0170743779253462
t,juv_3,ncm,con,0.0167281853875774
t,juv_7,ncm,con,0.0124078286339942
t,juv_9,ncm,con,0.00389408548218283
t,juv_12,ncm,con,0.016
t,sg_88,ncm,con,0.0154180276442407
t,sg_90,ncm,con,0.41
t,sg_93,ncm,con,0.0168134945314185
t,sg_94,ncm,con,0.02
t,sg_12,ncm,con,0.0141235442442459
t,sg_18,ncm,con,0.064
t,juv_4,ncm,sti,0.00182739047776774
t,juv_5,ncm,sti,0.0119523051923555
t,juv_6,ncm,sti,0.018
t,juv_10,ncm,sti,0.00917205365561523
t,juv_11,ncm,sti,0.0147712286709815
t,juv_14,ncm,sti,0.024
t,sg_20,ncm,sti,0.0158436110281009
t,sg_21,ncm,sti,0.488
t,sg_22,ncm,sti,0.015
t,sg_31,ncm,sti,0.0010803615204055
t,sg_36,ncm,sti,0.00830969385563577
t,sg_48,ncm,sti,0.021
t,juv_15,ncm,sti,0.014059046777729
t,sg_14,ncm,sti,0.0100275490676286
ae,juv_1,plasma,con,NA
ae,juv_3,plasma,con,NA
ae,juv_7,plasma,con,NA
ae,juv_9,plasma,con,NA
ae,juv_12,plasma,con,NA
ae,sg_88,plasma,con,NA
ae,sg_90,plasma,con,NA
ae,sg_93,plasma,con,NA
ae,sg_94,plasma,con,NA
ae,sg_12,plasma,con,NA
ae,sg_18,plasma,con,NA
ae,juv_4,plasma,sti,NA
ae,juv_5,plasma,sti,NA
ae,juv_6,plasma,sti,NA
ae,juv_10,plasma,sti,NA
ae,juv_11,plasma,sti,NA
ae,juv_14,plasma,sti,NA
ae,sg_20,plasma,sti,NA
ae,sg_21,plasma,sti,NA
ae,sg_22,plasma,sti,NA
ae,sg_31,plasma,sti,NA
ae,sg_36,plasma,sti,NA
ae,sg_48,plasma,sti,NA
ae,juv_15,plasma,sti,NA
ae,sg_14,plasma,sti,NA
b,juv_1,plasma,con,5.3716
b,juv_3,plasma,con,0.3361
b,juv_7,plasma,con,6.2565
b,juv_9,plasma,con,8.051
b,juv_12,plasma,con,6.5408
b,sg_88,plasma,con,3.2072
b,sg_90,plasma,con,1.2794
b,sg_93,plasma,con,2.9721
b,sg_94,plasma,con,1.0635
b,sg_12,plasma,con,6.7395
b,sg_18,plasma,con,3.2974
b,juv_4,plasma,sti,11.36
b,juv_5,plasma,sti,11.661
b,juv_6,plasma,sti,5.39
b,juv_10,plasma,sti,3.589
b,juv_11,plasma,sti,7.304
b,juv_14,plasma,sti,6.198
b,sg_20,plasma,sti,7.178
b,sg_21,plasma,sti,31.903
b,sg_22,plasma,sti,11.443
b,sg_31,plasma,sti,11.198
b,sg_36,plasma,sti,15.572
b,sg_48,plasma,sti,19.33
b,juv_15,plasma,sti,19.955
b,sg_14,plasma,sti,4.82
dhc,juv_1,plasma,con,0.6709
dhc,juv_3,plasma,con,0.4049
dhc,juv_7,plasma,con,0.8394
dhc,juv_9,plasma,con,0.7784
dhc,juv_12,plasma,con,0.9453
dhc,sg_88,plasma,con,0.678
dhc,sg_90,plasma,con,0.5063
dhc,sg_93,plasma,con,0.7672
dhc,sg_94,plasma,con,0.233
dhc,sg_12,plasma,con,1.5822
dhc,sg_18,plasma,con,0.6043
dhc,juv_4,plasma,sti,1.7441
dhc,juv_5,plasma,sti,1.0327
dhc,juv_6,plasma,sti,0.7353
dhc,juv_10,plasma,sti,0.928
dhc,juv_11,plasma,sti,1.3514
dhc,juv_14,plasma,sti,2.2152
dhc,sg_20,plasma,sti,1.2778
dhc,sg_21,plasma,sti,3.4783
dhc,sg_22,plasma,sti,1.4831
dhc,sg_31,plasma,sti,1.0867
dhc,sg_36,plasma,sti,2.5721
dhc,sg_48,plasma,sti,1.8593
dhc,juv_15,plasma,sti,2.8966
dhc,sg_14,plasma,sti,2.4507
p4,juv_1,plasma,con,0.14
p4,juv_3,plasma,con,0.024
p4,juv_7,plasma,con,0.236
p4,juv_9,plasma,con,1.064
p4,juv_12,plasma,con,0.133
p4,sg_88,plasma,con,0.1
p4,sg_90,plasma,con,0.474
p4,sg_93,plasma,con,0.066
p4,sg_94,plasma,con,0.064
p4,sg_12,plasma,con,0.827
p4,sg_18,plasma,con,0.065
p4,juv_4,plasma,sti,0.779
p4,juv_5,plasma,sti,0.274
p4,juv_6,plasma,sti,0.315
p4,cj_124,plasma,sti,0.123
p4,juv_10,plasma,sti,0.101
p4,juv_11,plasma,sti,0.096
p4,juv_14,plasma,sti,0.222
p4,sg_20,plasma,sti,0.823
p4,sg_21,plasma,sti,4.651
p4,sg_22,plasma,sti,1.661
p4,sg_31,plasma,sti,0.591
p4,sg_36,plasma,sti,0.328
p4,sg_48,plasma,sti,1.057
p4,juv_15,plasma,sti,0.501
p4,sg_14,plasma,sti,0.442
t,juv_1,plasma,con,NA
t,juv_3,plasma,con,NA
t,juv_7,plasma,con,NA
t,juv_9,plasma,con,NA
t,juv_12,plasma,con,NA
t,sg_88,plasma,con,NA
t,sg_90,plasma,con,NA
t,sg_93,plasma,con,NA
t,sg_94,plasma,con,NA
t,sg_12,plasma,con,NA
t,sg_18,plasma,con,NA
t,juv_4,plasma,sti,0.000851436816094898
t,juv_5,plasma,sti,0.00193454939914463
t,juv_6,plasma,sti,0.00184938000027763
t,juv_10,plasma,sti,0.002
t,juv_11,plasma,sti,0.000542306307096108
t,juv_14,plasma,sti,0.00196330931048482
t,sg_20,plasma,sti,0.005
t,sg_21,plasma,sti,0.007
t,sg_22,plasma,sti,0.00199877426834412
t,sg_31,plasma,sti,0.00176147761442533
t,sg_36,plasma,sti,0.00199595189351199
t,sg_48,plasma,sti,0.000818638284821257
t,juv_15,plasma,sti,0.002
t,sg_14,plasma,sti,0.012
ae,juv_1,poa,con,NA
ae,juv_3,poa,con,NA
ae,juv_7,poa,con,NA
ae,juv_9,poa,con,NA
ae,juv_12,poa,con,NA
ae,sg_88,poa,con,NA
ae,sg_90,poa,con,NA
ae,sg_93,poa,con,NA
ae,sg_94,poa,con,NA
ae,sg_12,poa,con,NA
ae,sg_18,poa,con,NA
ae,juv_4,poa,sti,NA
ae,juv_5,poa,sti,NA
ae,juv_6,poa,sti,NA
ae,cj_124,poa,sti,NA
ae,juv_10,poa,sti,NA
ae,juv_11,poa,sti,NA
ae,juv_14,poa,sti,NA
ae,sg_20,poa,sti,NA
ae,sg_21,poa,sti,NA
ae,sg_22,poa,sti,NA
ae,sg_31,poa,sti,NA
ae,sg_36,poa,sti,NA
ae,sg_48,poa,sti,NA
ae,juv_15,poa,sti,NA
ae,sg_14,poa,sti,NA
b,juv_1,poa,con,0.946
b,juv_3,poa,con,0.3
b,juv_7,poa,con,1.266
b,juv_9,poa,con,1.496
b,juv_12,poa,con,0.798
b,sg_88,poa,con,0.391
b,sg_90,poa,con,0.322
b,sg_93,poa,con,0.493
b,sg_94,poa,con,0.162
b,sg_12,poa,con,0.862
b,sg_18,poa,con,0.724
b,juv_4,poa,sti,3.09
b,juv_5,poa,sti,2.023
b,juv_6,poa,sti,1.502
b,cj_124,poa,sti,1.644
b,juv_10,poa,sti,0.816
b,juv_11,poa,sti,2.19
b,juv_14,poa,sti,1.701
b,sg_20,poa,sti,2.01
b,sg_21,poa,sti,3.84
b,sg_22,poa,sti,2.484
b,sg_31,poa,sti,2.419
b,sg_36,poa,sti,4.844
b,sg_48,poa,sti,3.136
b,juv_15,poa,sti,1.929
b,sg_14,poa,sti,1.82
dhc,juv_1,poa,con,0.118367347
dhc,juv_3,poa,con,0.040816327
dhc,juv_7,poa,con,0.068367347
dhc,juv_9,poa,con,0.042857143
dhc,juv_12,poa,con,0.0375137743668825
dhc,sg_88,poa,con,0.036734694
dhc,sg_90,poa,con,0.0353266234895789
dhc,sg_93,poa,con,0.0297166318219948
dhc,sg_94,poa,con,0.0335674284642383
dhc,sg_12,poa,con,0.0274198672030272
dhc,sg_18,poa,con,0.0371468367834463
dhc,juv_4,poa,sti,0.1
dhc,juv_5,poa,sti,0.074489796
dhc,juv_6,poa,sti,0.078571429
dhc,cj_124,poa,sti,0.0419933228952639
dhc,juv_10,poa,sti,0.070408163
dhc,juv_11,poa,sti,0.097959184
dhc,juv_14,poa,sti,0.045918367
dhc,sg_20,poa,sti,0.03877551
dhc,sg_21,poa,sti,0.0423793014804029
dhc,sg_22,poa,sti,0.067346939
dhc,sg_31,poa,sti,0.096938776
dhc,sg_36,poa,sti,0.044897959
dhc,sg_48,poa,sti,0.041836735
dhc,juv_15,poa,sti,0.047959184
dhc,sg_14,poa,sti,0.114285714
p4,juv_1,poa,con,NA
p4,juv_3,poa,con,NA
p4,juv_7,poa,con,NA
p4,juv_9,poa,con,NA
p4,juv_12,poa,con,NA
p4,sg_88,poa,con,NA
p4,sg_90,poa,con,NA
p4,sg_93,poa,con,NA
p4,sg_94,poa,con,NA
p4,sg_12,poa,con,NA
p4,sg_18,poa,con,NA
p4,juv_4,poa,sti,0.063
p4,juv_5,poa,sti,0.0615522417355334
p4,juv_6,poa,sti,0.0370769719237435
p4,cj_124,poa,sti,0.0334338563443673
p4,juv_10,poa,sti,0.0715385990133984
p4,juv_11,poa,sti,0.108
p4,juv_14,poa,sti,0.0711603961946783
p4,sg_20,poa,sti,0.0715779561818593
p4,sg_21,poa,sti,0.157
p4,sg_22,poa,sti,0.0706390688482075
p4,sg_31,poa,sti,0.0712860566116352
p4,sg_36,poa,sti,0.098
p4,sg_48,poa,sti,0.0676900187931608
p4,juv_15,poa,sti,0.0543972150011365
p4,sg_14,poa,sti,0.0428145217186579
t,juv_1,poa,con,0.0385774301298637
t,juv_3,poa,con,0.058
t,juv_7,poa,con,0.0247397276103769
t,juv_9,poa,con,0.0299446309083551
t,juv_12,poa,con,0.0366502687160524
t,sg_88,poa,con,0.0379322577270799
t,sg_90,poa,con,0.057
t,sg_93,poa,con,0.0378057618855814
t,sg_94,poa,con,0.038573906077628
t,sg_12,poa,con,0.0374123403066543
t,sg_18,poa,con,0.035
t,juv_4,poa,sti,0.0249814993339002
t,juv_5,poa,sti,0.020338333510418
t,juv_6,poa,sti,0.0202562431279848
t,cj_124,poa,sti,0.0126115436166809
t,juv_10,poa,sti,0.0252870812530295
t,juv_11,poa,sti,0.036
t,juv_14,poa,sti,0.048
t,sg_20,poa,sti,0.0155898242901195
t,sg_21,poa,sti,0.0254251946001093
t,sg_22,poa,sti,0.022
t,sg_31,poa,sti,0.0116109319662344
t,sg_36,poa,sti,0.0145507667684195
t,sg_48,poa,sti,0.0254082020477234
t,juv_15,poa,sti,0.018148133283952
t,sg_14,poa,sti,0.046
ae,juv_3,tna,con,NA
ae,juv_7,tna,con,NA
ae,juv_9,tna,con,NA
ae,juv_12,tna,con,NA
ae,sg_88,tna,con,NA
ae,sg_90,tna,con,NA
ae,sg_93,tna,con,NA
ae,sg_94,tna,con,NA
ae,sg_12,tna,con,NA
ae,sg_18,tna,con,NA
ae,juv_4,tna,sti,NA
ae,juv_5,tna,sti,NA
ae,juv_6,tna,sti,NA
ae,juv_10,tna,sti,NA
ae,juv_11,tna,sti,NA
ae,juv_14,tna,sti,NA
ae,sg_20,tna,sti,NA
ae,sg_21,tna,sti,NA
ae,sg_22,tna,sti,NA
ae,sg_31,tna,sti,NA
ae,sg_36,tna,sti,NA
ae,sg_48,tna,sti,NA
ae,juv_15,tna,sti,NA
ae,sg_14,tna,sti,NA
b,juv_3,tna,con,1.267
b,juv_7,tna,con,2.634
b,juv_9,tna,con,2.944
b,juv_12,tna,con,1.688
b,sg_88,tna,con,1.172
b,sg_90,tna,con,0.839
b,sg_93,tna,con,0.983
b,sg_94,tna,con,0.599
b,sg_12,tna,con,2.167
b,sg_18,tna,con,1.052
b,juv_4,tna,sti,1.007
b,juv_5,tna,sti,2.795
b,juv_6,tna,sti,2.035
b,cj_124,tna,sti,1.667
b,juv_10,tna,sti,1.339
b,juv_11,tna,sti,3.022
b,juv_14,tna,sti,3.492
b,sg_20,tna,sti,2.962
b,sg_21,tna,sti,1.815
b,sg_22,tna,sti,3.658
b,sg_31,tna,sti,4.471
b,sg_36,tna,sti,3.796
b,sg_48,tna,sti,3.575
b,juv_15,tna,sti,4.876
b,sg_14,tna,sti,2.83
dhc,juv_3,tna,con,0.0185125847083777
dhc,juv_7,tna,con,0.034013605
dhc,juv_9,tna,con,0.0370710706907185
dhc,juv_12,tna,con,0.0370680752947188
dhc,sg_88,tna,con,0.0230073795640647
dhc,sg_90,tna,con,0.026469068572892
dhc,sg_93,tna,con,0.0188090908381999
dhc,sg_94,tna,con,0.0126054390785777
dhc,sg_12,tna,con,0.052380952
dhc,sg_18,tna,con,0.0367069339362693
dhc,juv_4,tna,sti,0.027891156
dhc,juv_5,tna,sti,0.0260981042513283
dhc,juv_6,tna,sti,0.0242474881987758
dhc,cj_124,tna,sti,0.0250557208041063
dhc,juv_10,tna,sti,0.03877551
dhc,juv_11,tna,sti,0.02591011900842
dhc,juv_14,tna,sti,0.065306122
dhc,sg_20,tna,sti,0.036734694
dhc,sg_21,tna,sti,0.02244898
dhc,sg_22,tna,sti,0.027210884
dhc,sg_31,tna,sti,0.057823129
dhc,sg_36,tna,sti,0.036054422
dhc,sg_48,tna,sti,0.05170068
dhc,juv_15,tna,sti,0.057142857
dhc,sg_14,tna,sti,0.0253970826365179
p4,juv_3,tna,con,NA
p4,juv_7,tna,con,NA
p4,juv_9,tna,con,NA
p4,juv_12,tna,con,NA
p4,sg_88,tna,con,NA
p4,sg_90,tna,con,NA
p4,sg_93,tna,con,NA
p4,sg_94,tna,con,NA
p4,sg_12,tna,con,NA
p4,sg_18,tna,con,NA
p4,juv_4,tna,sti,0.036
p4,juv_5,tna,sti,0.03029727751131
p4,juv_6,tna,sti,0.034
p4,cj_124,tna,sti,0.018384244767404
p4,juv_10,tna,sti,0.0152696099557273
p4,juv_11,tna,sti,0.0347408456356056
p4,juv_14,tna,sti,0.0240884145720873
p4,sg_20,tna,sti,0.058
p4,sg_21,tna,sti,0.059
p4,sg_22,tna,sti,0.0139190828436843
p4,sg_31,tna,sti,0.102
p4,sg_36,tna,sti,0.0294355291465793
p4,sg_48,tna,sti,0.0214605776095748
p4,juv_15,tna,sti,0.107
p4,sg_14,tna,sti,0.0195306055129525
t,juv_3,tna,con,0.00980520636969243
t,juv_7,tna,con,0.018324139121923
t,juv_9,tna,con,0.00548723427617743
t,juv_12,tna,con,0.0103873804842084
t,sg_88,tna,con,0.0150729988929737
t,sg_90,tna,con,0.022
t,sg_93,tna,con,0.0148315028888352
t,sg_94,tna,con,0.02
t,sg_12,tna,con,0.0199204380063738
t,sg_18,tna,con,0.054
t,juv_4,tna,sti,0.0266617156259625
t,juv_5,tna,sti,0.0269349742062939
t,juv_6,tna,sti,0.0278291328419233
t,cj_124,tna,sti,0.042
t,juv_10,tna,sti,0.0272478731978005
t,juv_11,tna,sti,0.04
t,juv_14,tna,sti,0.029
t,sg_20,tna,sti,0.027
t,sg_21,tna,sti,0.038
t,sg_22,tna,sti,0.0278981695669751
t,sg_31,tna,sti,0.021685545357818
t,sg_36,tna,sti,0.0235926144055313
t,sg_48,tna,sti,0.018615561731689
t,juv_15,tna,sti,0.027883247564341
t,sg_14,tna,sti,0.032
ae,juv_1,vmh,con,NA
ae,juv_3,vmh,con,NA
ae,juv_7,vmh,con,NA
ae,juv_9,vmh,con,NA
ae,juv_12,vmh,con,NA
ae,sg_88,vmh,con,NA
ae,sg_90,vmh,con,NA
ae,sg_93,vmh,con,NA
ae,sg_94,vmh,con,NA
ae,sg_12,vmh,con,NA
ae,sg_18,vmh,con,NA
ae,juv_4,vmh,sti,0.0792645910200419
ae,juv_5,vmh,sti,0.0810578230364599
ae,juv_6,vmh,sti,0.085
ae,cj_124,vmh,sti,0.203
ae,juv_10,vmh,sti,0.0721767321498167
ae,juv_11,vmh,sti,0.197
ae,juv_14,vmh,sti,0.0857373986861975
ae,sg_20,vmh,sti,0.0950099313830974
ae,sg_21,vmh,sti,0.092149737300358
ae,sg_22,vmh,sti,0.0763342265683861
ae,sg_31,vmh,sti,0.0760018668156148
ae,sg_36,vmh,sti,0.0621094692825885
ae,sg_48,vmh,sti,0.089677559787052
ae,juv_15,vmh,sti,0.0893602545876988
ae,sg_14,vmh,sti,0.0936286515203894
b,juv_1,vmh,con,0.956
b,juv_3,vmh,con,0.245
b,juv_7,vmh,con,1.185
b,juv_9,vmh,con,1.733
b,juv_12,vmh,con,0.804
b,sg_88,vmh,con,0.339
b,sg_90,vmh,con,0.326
b,sg_93,vmh,con,0.396
b,sg_94,vmh,con,0.178
b,sg_12,vmh,con,0.835
b,sg_18,vmh,con,0.808
b,juv_4,vmh,sti,2.57
b,juv_5,vmh,sti,1.592
b,juv_6,vmh,sti,1.021
b,cj_124,vmh,sti,0.328
b,juv_10,vmh,sti,0.731
b,juv_11,vmh,sti,1.545
b,juv_14,vmh,sti,1.315
b,sg_20,vmh,sti,1.387
b,sg_21,vmh,sti,3.766
b,sg_22,vmh,sti,2.321
b,sg_31,vmh,sti,2.26
b,sg_36,vmh,sti,4.368
b,sg_48,vmh,sti,2.637
b,juv_15,vmh,sti,2.664
b,sg_14,vmh,sti,1.564
dhc,juv_1,vmh,con,0.084693878
dhc,juv_3,vmh,con,0.0386427660331759
dhc,juv_7,vmh,con,0.085714286
dhc,juv_9,vmh,con,0.036734694
dhc,juv_12,vmh,con,0.0384183017822784
dhc,sg_88,vmh,con,0.043877551
dhc,sg_90,vmh,con,0.0345864380968774
dhc,sg_93,vmh,con,0.0385006575053102
dhc,sg_94,vmh,con,0.0319135983399925
dhc,sg_12,vmh,con,0.0356647479818834
dhc,sg_18,vmh,con,0.0387265816237213
dhc,juv_4,vmh,sti,0.092857143
dhc,juv_5,vmh,sti,0.06122449
dhc,juv_6,vmh,sti,0.055102041
dhc,cj_124,vmh,sti,0.00483184730918622
dhc,juv_10,vmh,sti,0.040816327
dhc,juv_11,vmh,sti,0.053061224
dhc,juv_14,vmh,sti,0.036734694
dhc,sg_20,vmh,sti,0.01893568981418
dhc,sg_21,vmh,sti,0.0321830153996115
dhc,sg_22,vmh,sti,0.043877551
dhc,sg_31,vmh,sti,0.064285714
dhc,sg_36,vmh,sti,0.028571429
dhc,sg_48,vmh,sti,0.070408163
dhc,juv_15,vmh,sti,0.054081633
dhc,sg_14,vmh,sti,0.0212683720531507
p4,juv_1,vmh,con,NA
p4,juv_3,vmh,con,NA
p4,juv_7,vmh,con,NA
p4,juv_9,vmh,con,NA
p4,juv_12,vmh,con,NA
p4,sg_88,vmh,con,NA
p4,sg_90,vmh,con,NA
p4,sg_93,vmh,con,NA
p4,sg_94,vmh,con,NA
p4,sg_12,vmh,con,NA
p4,sg_18,vmh,con,NA
p4,juv_4,vmh,sti,0.067
p4,juv_5,vmh,sti,0.0559334154976696
p4,juv_6,vmh,sti,0.052
p4,cj_124,vmh,sti,0.0521071768081539
p4,juv_10,vmh,sti,0.0193995077392756
p4,juv_11,vmh,sti,0.142
p4,juv_14,vmh,sti,0.0354864928481435
p4,sg_20,vmh,sti,0.092
p4,sg_21,vmh,sti,0.151
p4,sg_22,vmh,sti,0.0544872204511173
p4,sg_31,vmh,sti,0.104
p4,sg_36,vmh,sti,0.0598122182090368
p4,sg_48,vmh,sti,0.0309857218755292
p4,juv_15,vmh,sti,0.113
p4,sg_14,vmh,sti,0.0552704969518561
t,juv_1,vmh,con,NA
t,juv_3,vmh,con,NA
t,juv_7,vmh,con,NA
t,juv_9,vmh,con,NA
t,juv_12,vmh,con,NA
t,sg_88,vmh,con,NA
t,sg_90,vmh,con,NA
t,sg_93,vmh,con,NA
t,sg_94,vmh,con,NA
t,sg_12,vmh,con,NA
t,sg_18,vmh,con,NA
t,juv_4,vmh,sti,0.038
t,juv_5,vmh,sti,0.0221482472464831
t,juv_6,vmh,sti,0.0210776844592202
t,cj_124,vmh,sti,0.0221198037212247
t,juv_10,vmh,sti,0.026
t,juv_11,vmh,sti,0.042
t,juv_14,vmh,sti,0.027
t,sg_20,vmh,sti,0.0148789469639768
t,sg_21,vmh,sti,0.0135726902565548
t,sg_22,vmh,sti,0.0219669893933467
t,sg_31,vmh,sti,0.0211012474028097
t,sg_36,vmh,sti,0.0183475407829579
t,sg_48,vmh,sti,0.0219568952007297
t,juv_15,vmh,sti,0.0213504327210016
t,sg_14,vmh,sti,0.02
ae,juv_3,vta,con,NA
ae,juv_7,vta,con,NA
ae,juv_9,vta,con,NA
ae,juv_12,vta,con,NA
ae,sg_88,vta,con,NA
ae,sg_90,vta,con,NA
ae,sg_93,vta,con,NA
ae,sg_94,vta,con,NA
ae,sg_12,vta,con,NA
ae,sg_18,vta,con,NA
ae,juv_4,vta,sti,NA
ae,juv_5,vta,sti,NA
ae,juv_6,vta,sti,NA
ae,juv_10,vta,sti,NA
ae,juv_11,vta,sti,NA
ae,juv_14,vta,sti,NA
ae,sg_20,vta,sti,NA
ae,sg_21,vta,sti,NA
ae,sg_22,vta,sti,NA
ae,sg_31,vta,sti,NA
ae,sg_36,vta,sti,NA
ae,sg_48,vta,sti,NA
ae,juv_15,vta,sti,NA
ae,sg_14,vta,sti,NA
b,juv_3,vta,con,0.18
b,juv_7,vta,con,1.233
b,juv_9,vta,con,1.722
b,juv_12,vta,con,0.521
b,sg_88,vta,con,0.47
b,sg_90,vta,con,0.258
b,sg_93,vta,con,0.448
b,sg_94,vta,con,0.177
b,sg_12,vta,con,1.1
b,sg_18,vta,con,1.103
b,juv_4,vta,sti,2.804
b,juv_5,vta,sti,2.5
b,juv_6,vta,sti,1.784
b,juv_10,vta,sti,0.841
b,juv_11,vta,sti,1.731
b,juv_14,vta,sti,1.297
b,sg_20,vta,sti,1.968
b,sg_21,vta,sti,4.554
b,sg_22,vta,sti,2.832
b,sg_31,vta,sti,2.565
b,sg_36,vta,sti,5.342
b,sg_48,vta,sti,3.254
b,juv_15,vta,sti,2.573
b,sg_14,vta,sti,1.136
dhc,juv_3,vta,con,0.0392127175962456
dhc,juv_7,vta,con,0.068367347
dhc,juv_9,vta,con,0.05
dhc,juv_12,vta,con,0.0396675365140211
dhc,sg_88,vta,con,0.054081633
dhc,sg_90,vta,con,0.0415612649877578
dhc,sg_93,vta,con,0.031632653
dhc,sg_94,vta,con,0.0322104742978575
dhc,sg_12,vta,con,0.058163265
dhc,sg_18,vta,con,0.087755102
dhc,juv_4,vta,sti,0.12244898
dhc,juv_5,vta,sti,0.117346939
dhc,juv_6,vta,sti,0.13877551
dhc,cj_124,vta,sti,0.037788181175866
dhc,juv_10,vta,sti,0.075510204
dhc,juv_11,vta,sti,0.06122449
dhc,juv_14,vta,sti,0.034693878
dhc,sg_20,vta,sti,0.037755102
dhc,sg_21,vta,sti,0.067346939
dhc,sg_22,vta,sti,0.092857143
dhc,sg_31,vta,sti,0.115306122
dhc,sg_36,vta,sti,0.090816327
dhc,sg_48,vta,sti,0.098979592
dhc,juv_15,vta,sti,0.046938776
dhc,sg_14,vta,sti,0.0382979772837681
p4,juv_3,vta,con,NA
p4,juv_7,vta,con,NA
p4,juv_9,vta,con,NA
p4,juv_12,vta,con,NA
p4,sg_88,vta,con,NA
p4,sg_90,vta,con,NA
p4,sg_93,vta,con,NA
p4,sg_94,vta,con,NA
p4,sg_12,vta,con,NA
p4,sg_18,vta,con,NA
p4,juv_4,vta,sti,0.131
p4,juv_5,vta,sti,0.095
p4,juv_6,vta,sti,0.067
p4,cj_124,vta,sti,0.0535365386634255
p4,juv_10,vta,sti,0.0193280468427445
p4,juv_11,vta,sti,0.0609839343618511
p4,juv_14,vta,sti,0.0606438214050609
p4,sg_20,vta,sti,0.054
p4,sg_21,vta,sti,0.12
p4,sg_22,vta,sti,0.063
p4,sg_31,vta,sti,0.145
p4,sg_36,vta,sti,0.095
p4,sg_48,vta,sti,0.0405233917951876
p4,juv_15,vta,sti,0.102
p4,sg_14,vta,sti,0.0610385795680179
t,juv_3,vta,con,0.000230142154119765
t,juv_7,vta,con,1.009
t,juv_9,vta,con,0.0222668916646608
t,juv_12,vta,con,0.028
t,sg_88,vta,con,0.0214464969955982
t,sg_90,vta,con,0.032
t,sg_93,vta,con,0.0226298842026634
t,sg_94,vta,con,0.0227214132703658
t,sg_12,vta,con,0.021
t,sg_18,vta,con,0.092
t,juv_4,vta,sti,NA
t,juv_5,vta,sti,NA
t,juv_6,vta,sti,NA
t,juv_10,vta,sti,NA
t,juv_11,vta,sti,NA
t,juv_14,vta,sti,NA
t,sg_20,vta,sti,NA
t,sg_21,vta,sti,NA
t,sg_22,vta,sti,NA
t,sg_31,vta,sti,NA
t,sg_36,vta,sti,NA
t,sg_48,vta,sti,NA
t,juv_15,vta,sti,NA
t,sg_14,vta,sti,NA
ae,juv_1,wb,con,NA
ae,juv_3,wb,con,NA
ae,juv_7,wb,con,NA
ae,juv_9,wb,con,NA
ae,juv_12,wb,con,NA
ae,sg_88,wb,con,NA
ae,sg_90,wb,con,NA
ae,sg_93,wb,con,NA
ae,sg_94,wb,con,NA
ae,sg_12,wb,con,NA
ae,sg_18,wb,con,NA
ae,juv_4,wb,sti,0.01256159
ae,juv_5,wb,sti,0.013
ae,juv_6,wb,sti,0.01263419
ae,juv_10,wb,sti,0.01252838
ae,juv_11,wb,sti,0.01177193
ae,juv_14,wb,sti,0.01272238
ae,sg_20,wb,sti,0.0125514
ae,sg_21,wb,sti,0.01268765
ae,sg_22,wb,sti,0.01288768
ae,sg_31,wb,sti,0.015
ae,sg_36,wb,sti,0.016
ae,sg_48,wb,sti,0.01203217
ae,juv_15,wb,sti,0.0130723
ae,sg_14,wb,sti,0.01304893
b,juv_1,wb,con,3.43
b,juv_3,wb,con,0.18
b,juv_7,wb,con,3.73
b,juv_9,wb,con,3.7
b,juv_12,wb,con,3.38
b,sg_88,wb,con,1
b,sg_90,wb,con,1.58
b,sg_93,wb,con,0.92
b,sg_94,wb,con,0.54
b,sg_12,wb,con,1.9
b,sg_18,wb,con,1.44
b,juv_4,wb,sti,6.958
b,juv_5,wb,sti,6.137
b,juv_6,wb,sti,4.6
b,juv_10,wb,sti,1.879
b,juv_11,wb,sti,3.909
b,juv_14,wb,sti,4.041
b,sg_20,wb,sti,5.326
b,sg_21,wb,sti,13.981
b,sg_22,wb,sti,3.391
b,sg_31,wb,sti,7.116
b,sg_36,wb,sti,8.38
b,sg_48,wb,sti,8.233
b,juv_15,wb,sti,11.095
b,sg_14,wb,sti,7.201
dhc,juv_1,wb,con,0.553
dhc,juv_3,wb,con,0.182
dhc,juv_7,wb,con,0.4075
dhc,juv_9,wb,con,0.3162
dhc,juv_12,wb,con,0.3459
dhc,sg_88,wb,con,0.2184
dhc,sg_90,wb,con,0.31
dhc,sg_93,wb,con,0.184
dhc,sg_94,wb,con,0.1556
dhc,sg_12,wb,con,0.3981
dhc,sg_18,wb,con,0.3699
dhc,juv_4,wb,sti,0.979
dhc,juv_5,wb,sti,0.6734
dhc,juv_6,wb,sti,0.4544
dhc,juv_10,wb,sti,0.5209
dhc,juv_11,wb,sti,0.4782
dhc,juv_14,wb,sti,0.892
dhc,sg_20,wb,sti,0.8253
dhc,sg_21,wb,sti,1.1043
dhc,sg_22,wb,sti,0.5872
dhc,sg_31,wb,sti,0.9626
dhc,sg_36,wb,sti,1.1896
dhc,sg_48,wb,sti,0.5398
dhc,juv_15,wb,sti,0.43232889
dhc,sg_14,wb,sti,3.4592
p4,juv_1,wb,con,0.086
p4,juv_3,wb,con,0.01943358
p4,juv_7,wb,con,0.167
p4,juv_9,wb,con,0.7
p4,juv_12,wb,con,0.073
p4,sg_88,wb,con,0.069
p4,sg_90,wb,con,0.258
p4,sg_93,wb,con,0.033
p4,sg_94,wb,con,0.058
p4,sg_12,wb,con,0.267
p4,sg_18,wb,con,0.072
p4,juv_4,wb,sti,0.631
p4,juv_5,wb,sti,0.161
p4,juv_6,wb,sti,0.238
p4,cj_124,wb,sti,0.136
p4,juv_10,wb,sti,0.069
p4,juv_11,wb,sti,0.058
p4,juv_14,wb,sti,0.19
p4,sg_20,wb,sti,0.741
p4,sg_21,wb,sti,2.354
p4,sg_22,wb,sti,0.06171187
p4,sg_31,wb,sti,0.421
p4,sg_36,wb,sti,0.197
p4,sg_48,wb,sti,0.541
p4,juv_15,wb,sti,0.343
p4,sg_14,wb,sti,0.387
t,juv_1,wb,con,0.155
t,juv_3,wb,con,0.00130877
t,juv_7,wb,con,0.00396551
t,juv_9,wb,con,0.00496259
t,juv_12,wb,con,0.00454098
t,sg_88,wb,con,0.00027247
t,sg_90,wb,con,0.005
t,sg_93,wb,con,0.00019689
t,sg_94,wb,con,0.00521665
t,sg_12,wb,con,0.009
t,sg_18,wb,con,0.0053888
t,juv_4,wb,sti,0.089
t,juv_5,wb,sti,0.00715531
t,juv_6,wb,sti,0.006
t,juv_10,wb,sti,0.00739787
t,juv_11,wb,sti,0.012
t,juv_14,wb,sti,0.00345324
t,sg_20,wb,sti,0.00264161
t,sg_21,wb,sti,6.05e-05
t,sg_22,wb,sti,0.00681495
t,sg_31,wb,sti,0.145
t,sg_36,wb,sti,0.00749706
t,sg_48,wb,sti,0.00198701
t,juv_15,wb,sti,0.0063711
t,sg_14,wb,sti,0.022